<?xml version="1.0"?>
<!--<!DOCTYPE metadata SYSTEM "http://www.esri.com/metadata/esriprof80.dtd">-->
<metadata xml:lang="en"><Esri><CreaDate>20221213</CreaDate><CreaTime>12425000</CreaTime><SyncOnce>TRUE</SyncOnce><DataProperties><lineage><Process ToolSource="C:\Program Files\ArcGIS\Desktop10.0\ArcToolbox\Toolboxes\Data Management Tools.tbx\CalculateField" Date="20111102" Time="153318">CalculateField LEZ_Boundary_20071113 BOUNDARY "Low Emission Zone" VB #</Process></lineage><itemProps><itemLocation><linkage Sync="TRUE">file://\\Onelondon.tfl.local\Shared\5026d\Air Quality Strategy\DataRequests_Environment\2022\20221212_ULEZ23boundaryKMLlayer\Output\LEZ_Boundary_20071113</linkage><protocol Sync="TRUE">Local Area Network</protocol></itemLocation></itemProps><copyHistory><copy source="\\Onelondon.tfl.local\Shared\5026d\Air Quality Strategy\DataRequests_Environment\2022\20221212_ULEZ23boundaryKMLlayer\Input\LEZ_Boundary_20071113\LEZ_Boundary_20071113" dest="\\Onelondon.tfl.local\Shared\5026d\Air Quality Strategy\DataRequests_Environment\2022\20221212_ULEZ23boundaryKMLlayer\Output\LEZ_Boundary_20071113" date="20221213" time="12425000"></copy></copyHistory></DataProperties></Esri><idinfo><citation><citeinfo><onlink Sync="TRUE">\\CISVFL007\C10_GIS\gis\2008 gis\00 gis data\01 cc data\04 boundary information\02 lez\LEZ_Boundary_20071113_region</onlink></citeinfo></citation></idinfo><distInfo><distributor><distorTran><onLineSrc><linkage Sync="TRUE">file://\\CISVFL007\C10_GIS\gis\2008 gis\00 gis data\01 cc data\04 boundary information\02 lez\LEZ_Boundary_20071113_region</linkage><protocol Sync="TRUE">Local Area Network</protocol></onLineSrc></distorTran></distributor></distInfo><dataqual><lineage><procstep><procdesc Sync="TRUE">Dataset copied.</procdesc><srcused Sync="TRUE">J:\GIS\2007 GIS\04 LEZ\02 ESRI\01 Data\04 Boundary\LEZ_Boundary_20071113_region</srcused><date Sync="TRUE">20080115</date><time Sync="TRUE">14565600</time></procstep></lineage></dataqual></metadata>
